{"cameraMode":{"drawMode":0,"name":"Shaded","section":"Shading Mode"},"sceneLighting":true,"audioPlay":false,"sceneViewState":{"showFog":true,"showMaterialUpdate":false,"showSkybox":true,"showFlares":true,"showImageEffects":true,"showParticleSystems":true},"in2DMode":false,"pivot":{"x":4.827108860015869,"y":2.594512939453125,"z":0.7004756927490234},"rotation":{"x":-0.055181365460157397,"y":0.8962720036506653,"z":-0.11654708534479141,"w":-0.42435774207115176},"size":13.708878517150879,"orthographic":false}