{"cameraMode":{"drawMode":0,"name":"Shaded","section":"Shading Mode"},"sceneLighting":true,"audioPlay":false,"sceneViewState":{"showFog":true,"showMaterialUpdate":false,"showSkybox":true,"showFlares":true,"showImageEffects":true,"showParticleSystems":true},"in2DMode":false,"pivot":{"x":-3.265251636505127,"y":3.3553500175476076,"z":-4.354529857635498},"rotation":{"x":0.04857019707560539,"y":-0.11213164776563645,"z":0.005485892295837402,"w":0.9925060868263245},"size":16.35601806640625,"orthographic":true}